frame.number,frame.len,frame.time_epoch,ip.src,ip.dst,ip.proto,tcp.srcport,tcp.dstport,tcp.flags,udp.srcport,udp.dstport,tls.handshake.extensions_server_name,tls.record.version,tls.handshake.type,quic.long.packet_type,quic.version,anomaly
0.0012224938875305,0.0163043478260869,0.0032736659049987,288,9,3,0.0069167497507477,0.9938465852442672,0.0,0.0,0.0,2,4,2,3,2,-1
0.0019747978183186,0.0176630434782608,0.0045231878757476,231,9,1,0.0,0.0,0.0,0.0067756260586915,0.9501167707172622,2,4,2,3,2,-1
0.0031032537145006,0.0088315217391304,0.0061403214931488,6,1,3,0.9457876370887336,0.0069167497507477,0.0,0.0,0.0,2,4,2,3,2,-1
0.0034794056798946,0.0441576086956521,0.0073554515838623,299,9,3,0.0069167497507477,0.9695912263210368,0.0,0.0,0.0,2,1,2,3,2,-1
0.0037615196539401,1.0,0.008184015750885,150,40,1,0.0,0.0,0.0,0.0,0.0,2,4,2,3,2,-1
0.0038555576452886,1.0,0.008184015750885,150,40,1,0.0,0.0,0.0,0.0,0.0,2,4,2,3,2,-1
0.0039495956366372,1.0,0.008184015750885,150,40,1,0.0,0.0,0.0,0.0,0.0,2,4,2,3,2,-1
0.0040436336279857,0.9381793478260868,0.008184015750885,150,40,1,0.0,0.0,0.0,0.0817042835996276,0.0817242379375085,2,4,2,3,2,-1
0.0057363174722587,0.3029891304347826,0.0122977793216705,83,40,1,0.0,0.0,0.0,0.0817042835996276,0.0817242379375085,2,4,2,3,2,-1
0.0074290013165318,0.076766304347826,0.0163232684135437,44,43,1,0.0,0.0,0.0,0.8459918509362268,0.1858867705646207,2,4,2,3,2,-1
0.0081813052473199,0.0163043478260869,0.0177958607673645,112,9,3,0.0069167497507477,0.9457876370887336,0.0,0.0,0.0,2,4,2,3,2,-1
0.0090276471694564,0.0441576086956521,0.0191112756729125,288,9,3,0.0069167497507477,0.9938465852442672,0.0,0.0,0.0,2,1,2,3,2,-1
0.0091216851608049,0.0163043478260869,0.0194272696971893,6,59,3,0.9938465852442672,0.0069167497507477,0.0,0.0,0.0,2,4,2,3,2,-1
0.0119428249012601,0.0163043478260869,0.0224180221557617,6,60,3,0.9695912263210368,0.0069167497507477,0.0,0.0,0.0,2,4,2,3,2,-1
0.0149520406244122,0.1154891304347826,0.0285726189613342,161,47,1,0.0,0.0,0.0,0.8516992476613409,0.0290171416360111,2,4,2,3,2,-1
0.0181493323302614,0.0849184782608695,0.0355031490325927,79,47,1,0.0,0.0,0.0,0.9071556104930644,0.0290171416360111,2,4,2,3,2,-1
0.0184314463043069,0.1786684782608695,0.0364138484001159,126,24,1,0.0,0.0,0.0,0.8380411726106,0.8382458443362385,2,4,2,3,2,-1
0.0204062441226255,0.0339673913043478,0.0384763181209564,21,44,1,0.0,0.0,0.0,0.7865525187321645,0.1017660616976783,2,4,2,3,2,-1
0.0221929659582471,0.1154891304347826,0.0411948263645172,85,47,1,0.0,0.0,0.0,0.8657083123502572,0.0290171416360111,2,4,2,3,2,-1
0.0236975738198232,0.374320652173913,0.0445178151130676,84,40,1,0.0,0.0,0.0,0.0817042835996276,0.0817242379375085,2,4,2,3,2,-1
0.0238856498025202,0.1154891304347826,0.0449508726596832,51,47,1,0.0,0.0,0.0,0.7501411588762228,0.0290171416360111,2,4,2,3,2,-1
0.0240737257852172,0.0122282608695652,0.0449508726596832,106,9,3,0.1196566550348953,0.843391699900299,0.0,0.0,0.0,2,4,2,3,2,-1
0.0267067895429753,0.0081521739130434,0.0512687265872955,6,17,3,0.843391699900299,0.1196566550348953,0.0,0.0,0.0,2,4,2,3,2,-1
0.0268008275343238,0.0163043478260869,0.0515619814395904,189,20,3,0.947532402791625,0.1196566550348953,0.0,0.0,0.0,2,4,2,3,2,-1
0.0269889035170208,0.0353260869565217,0.0515848398208618,17,30,0,0.947532402791625,0.1196566550348953,0.0,0.0,0.0,2,4,2,3,2,-1
0.0283994733872484,0.3498641304347826,0.0575691163539886,23,40,1,0.0,0.0,0.0,0.0817042835996276,0.0817242379375085,2,4,2,3,2,-1
0.0286815873612939,0.076766304347826,0.058663010597229,249,43,1,0.0,0.0,0.0,0.7581223580399519,0.1858867705646207,2,4,2,3,2,-1
0.030938499153658,0.0849184782608695,0.0650371611118316,87,47,1,0.0,0.0,0.0,1.0000000000000002,0.0290171416360111,2,4,2,3,2,-1
0.0320669550498401,0.0203804347826086,0.0684525370597839,239,42,1,0.0,0.0,0.0,0.8033084588502801,0.137316257841955,2,4,2,3,2,-1
0.0326311829979311,0.046195652173913,0.0713749229907989,6,45,1,0.0,0.0,0.0,0.974331975156038,0.0067772808450231,2,4,2,3,2,-1
0.0334775249200677,1.0,0.0731942355632782,150,40,1,0.0,0.0,0.0,0.0,0.0,2,4,2,3,2,-1
0.0335715629114162,1.0,0.0731942355632782,150,40,1,0.0,0.0,0.0,0.0,0.0,2,4,2,3,2,-1
0.0336656009027647,1.0,0.0731942355632782,150,40,1,0.0,0.0,0.0,0.0,0.0,2,4,2,3,2,-1
0.0344179048335527,1.0,0.0735305845737457,150,40,1,0.0,0.0,0.0,0.0,0.0,2,4,2,3,2,-1
0.0345119428249012,1.0,0.0735305845737457,150,40,1,0.0,0.0,0.0,0.0,0.0,2,4,2,3,2,-1
0.0346059808162497,1.0,0.0735305845737457,150,40,1,0.0,0.0,0.0,0.0,0.0,2,4,2,3,2,-1
0.0348880947902952,1.0,0.0741495490074157,150,40,1,0.0,0.0,0.0,0.0,0.0,2,4,2,3,2,-1
0.0349821327816437,1.0,0.0741495490074157,150,40,1,0.0,0.0,0.0,0.0,0.0,2,4,2,3,2,-1
0.0350761707729922,1.0,0.0741495490074157,150,40,1,0.0,0.0,0.0,0.0,0.0,2,4,2,3,2,-1
0.0351702087643408,1.0,0.0741495490074157,150,40,1,0.0,0.0,0.0,0.0,0.0,2,4,2,3,2,-1
0.0368628926086138,0.0163043478260869,0.07795050740242,129,27,3,0.9785954636091724,0.1196566550348953,0.0,0.0,0.0,2,4,2,3,2,-1
0.0369569305999623,0.0353260869565217,0.0779775381088256,14,19,0,0.9785954636091724,0.1196566550348953,0.0,0.0,0.0,2,4,2,3,2,-1
0.0375211585480534,0.0326086956521739,0.0801721513271331,266,9,1,0.0,0.0,0.0,0.0067756260586915,0.9745699326851158,2,4,2,3,2,-1
0.0401542223058115,0.0163043478260869,0.088541567325592,92,22,3,0.902869516450648,0.1196566550348953,0.0,0.0,0.0,2,4,2,3,2,-1
0.04024826029716,0.0353260869565217,0.0885624289512634,11,13,0,0.902869516450648,0.1196566550348953,0.0,0.0,0.0,2,4,2,3,2,-1
0.041000564227948,0.0339673913043478,0.0905646681785583,78,44,1,0.0,0.0,0.0,0.953852492789452,0.1017660616976783,2,4,2,3,2,-1
0.0417528681587361,1.0,0.0936081707477569,150,40,1,0.0,0.0,0.0,0.0,0.0,2,4,2,3,2,-1
0.0446680458905397,0.0163043478260869,0.1044227182865142,257,4,3,0.8015796360917248,0.1196566550348953,0.0,0.0,0.0,2,4,2,3,2,-1
0.0447620838818882,0.0224184782608695,0.1044227182865142,161,41,1,0.0,0.0,0.0,0.9289780097361474,0.0817547662296032,2,4,2,3,2,-1
0.0448561218732367,0.0353260869565217,0.1044473946094513,8,6,0,0.8015796360917248,0.1196566550348953,0.0,0.0,0.0,2,4,2,3,2,-1
0.0477712996050404,0.1154891304347826,0.1153864562511444,211,47,1,0.0,0.0,0.0,0.7639670985365259,0.0290171416360111,2,4,2,3,2,-1
0.0479593755877374,0.0163043478260869,0.1159108579158783,139,15,3,0.8987101196410767,0.1196566550348953,0.0,0.0,0.0,2,4,2,3,2,-1
0.0480534135790859,0.0353260869565217,0.1160558462142944,15,21,0,0.8987101196410767,0.1196566550348953,0.0,0.0,0.0,2,4,2,3,2,-1
0.0490878314839195,0.0849184782608695,0.1201401054859161,48,47,1,0.0,0.0,0.0,0.7706206412428086,0.0290171416360111,2,4,2,3,2,-1
0.0518149332330261,0.1154891304347826,0.1265813112258911,27,47,1,0.0,0.0,0.0,0.910985975674892,0.0290171416360111,2,4,2,3,2,-1
0.0519089712243746,0.4456521739130434,0.1267401278018951,200,47,1,0.0,0.0,0.0,0.9810312991194738,0.0565231328133347,2,4,2,3,2,-1
0.0526612751551626,0.1154891304347826,0.1279148459434509,203,47,1,0.0,0.0,0.0,0.9469395229593004,0.0290171416360111,2,4,2,3,2,-1
0.0562347188264058,0.046195652173913,0.1410801708698272,6,53,1,0.0,0.0,0.0,0.9741030688702712,0.0067772808450231,2,4,2,3,2,-1
0.0597141245063005,0.076766304347826,0.1518885493278503,258,43,1,0.0,0.0,0.0,0.8397808603824262,0.1858867705646207,2,4,2,3,2,-1
0.0614068083505736,0.0224184782608695,0.1597546935081482,161,41,1,0.0,0.0,0.0,0.9289780097361474,0.0817547662296032,2,4,2,3,2,-1
0.0615948843332706,0.1154891304347826,0.1615315079689026,161,47,1,0.0,0.0,0.0,0.8516992476613409,0.0290171416360111,2,4,2,3,2,-1
0.0616889223246191,0.1956521739130435,0.1615315079689026,218,9,3,0.0069167497507477,0.9709776919242272,0.0,0.0,0.0,2,3,1,3,2,-1
0.0636637201429377,0.1786684782608695,0.1674419939517974,126,24,1,0.0,0.0,0.0,0.8380411726106,0.8382458443362385,2,4,2,3,2,-1
0.0645100620650742,0.0339673913043478,0.1696952879428863,21,44,1,0.0,0.0,0.0,0.7865525187321645,0.1017660616976783,2,4,2,3,2,-1
0.0651683280045138,0.1154891304347826,0.1737673282623291,85,47,1,0.0,0.0,0.0,0.8657083123502572,0.0290171416360111,2,4,2,3,2,-1
0.0659206319353018,0.093070652173913,0.1745291054248809,161,47,1,0.0,0.0,0.0,0.9824505180912269,0.0290171416360111,2,4,2,3,2,-1
0.0670490878314839,0.076766304347826,0.1764880418777465,243,43,1,0.0,0.0,0.0,0.8372476308199424,0.1858867705646207,2,4,2,3,2,-1
0.0676133157795749,0.1154891304347826,0.1781272888183593,51,47,1,0.0,0.0,0.0,0.7501411588762228,0.0290171416360111,2,4,2,3,2,-1
0.0680835057363174,0.0163043478260869,0.1785876452922821,6,32,3,0.9709776919242272,0.0069167497507477,0.0,0.0,0.0,2,4,2,3,2,-1
0.0681775437276659,0.0706521739130434,0.1785939335823059,6,32,3,0.9709776919242272,0.0069167497507477,0.0,0.0,0.0,2,2,2,3,2,-1
0.0682715817190144,0.0475543478260869,0.1785957813262939,6,32,3,0.9709776919242272,0.0069167497507477,0.0,0.0,0.0,2,1,2,3,2,-1
0.0683656197103629,0.0414402173913043,0.1785973608493805,6,32,3,0.9709776919242272,0.0069167497507477,0.0,0.0,0.0,2,1,2,3,2,-1
0.0684596577017114,0.0400815217391304,0.1785989105701446,6,32,3,0.9709776919242272,0.0069167497507477,0.0,0.0,0.0,2,1,2,3,2,-1
0.06855369569306,0.1372282608695652,0.1786005198955536,6,32,3,0.9709776919242272,0.0069167497507477,0.0,0.0,0.0,2,1,2,3,2,-1
0.0699642655632875,0.0163043478260869,0.1842131316661834,189,20,3,0.947532402791625,0.1196566550348953,0.0,0.0,0.0,2,4,2,3,2,-1
0.070058303554636,0.0353260869565217,0.1842240095138549,17,30,0,0.947532402791625,0.1196566550348953,0.0,0.0,0.0,2,4,2,3,2,-1
0.0708106074854241,0.0163043478260869,0.1868119239807129,218,9,3,0.0069167497507477,0.9709776919242272,0.0,0.0,0.0,2,4,2,3,2,-1
0.0709046454767726,0.0163043478260869,0.1868119239807129,218,9,3,0.0069167497507477,0.9709776919242272,0.0,0.0,0.0,2,4,2,3,2,-1
0.0709986834681211,0.0163043478260869,0.1868119239807129,218,9,3,0.0069167497507477,0.9709776919242272,0.0,0.0,0.0,2,4,2,3,2,-1
0.0710927214594696,0.0163043478260869,0.1868119239807129,218,9,3,0.0069167497507477,0.9709776919242272,0.0,0.0,0.0,2,4,2,3,2,-1
0.0711867594508181,0.0163043478260869,0.1868119239807129,218,9,3,0.0069167497507477,0.9709776919242272,0.0,0.0,0.0,2,4,2,3,2,-1
0.0712807974421666,0.2112771739130435,0.1868119239807129,218,9,3,0.0069167497507477,0.9709776919242272,0.0,0.0,0.0,2,1,2,3,2,-1
0.0714688734248636,0.0577445652173913,0.1870539188385009,218,9,3,0.0069167497507477,0.9709776919242272,0.0,0.0,0.0,2,1,2,3,2,-1
0.0715629114162121,0.0373641304347826,0.1870539188385009,218,9,3,0.0069167497507477,0.9709776919242272,0.0,0.0,0.0,2,1,2,3,2,-1
0.0717509873989091,0.203125,0.1870539188385009,218,9,3,0.0069167497507477,0.9709776919242272,0.0,0.0,0.0,2,1,2,3,2,-1
0.0718450253902576,1.0,0.1873124241828918,218,9,3,0.0069167497507477,0.9709776919242272,0.0,0.0,0.0,2,4,2,3,2,-1
0.0719390633816061,1.0,0.1873124241828918,218,9,3,0.0069167497507477,0.9709776919242272,0.0,0.0,0.0,2,4,2,3,2,-1
0.0720331013729546,0.076766304347826,0.1873124241828918,76,43,1,0.0,0.0,0.0,0.9329914999465886,0.1858867705646207,2,4,2,3,2,-1
0.0722211773556516,1.0,0.1873124241828918,218,9,3,0.0069167497507477,0.9709776919242272,0.0,0.0,0.0,2,4,2,3,2,-1
0.0723152153470001,1.0,0.1873124241828918,218,9,3,0.0069167497507477,0.9709776919242272,0.0,0.0,0.0,2,4,2,3,2,-1
0.0725032913296972,1.0,0.1877213418483734,218,9,3,0.0069167497507477,0.9709776919242272,0.0,0.0,0.0,2,4,2,3,2,-1
0.0725973293210457,1.0,0.1877213418483734,218,9,3,0.0069167497507477,0.9709776919242272,0.0,0.0,0.0,2,4,2,3,2,-1
0.0726913673123942,1.0,0.1879427134990692,218,9,3,0.0069167497507477,0.9709776919242272,0.0,0.0,0.0,2,4,2,3,2,-1
0.0727854053037427,1.0,0.1879427134990692,218,9,3,0.0069167497507477,0.9709776919242272,0.0,0.0,0.0,2,4,2,3,2,-1
0.0728794432950912,1.0,0.1881516277790069,218,9,3,0.0069167497507477,0.9709776919242272,0.0,0.0,0.0,2,4,2,3,2,-1
0.0729734812864397,1.0,0.1881516277790069,218,9,3,0.0069167497507477,0.9709776919242272,0.0,0.0,0.0,2,4,2,3,2,-1
0.0731615572691367,1.0,0.1883450150489807,218,9,3,0.0069167497507477,0.9709776919242272,0.0,0.0,0.0,2,4,2,3,2,-1
0.0732555952604852,1.0,0.1883450150489807,218,9,3,0.0069167497507477,0.9709776919242272,0.0,0.0,0.0,2,2,2,3,2,-1
0.0734436712431822,1.0,0.1884590685367584,218,9,3,0.0069167497507477,0.9709776919242272,0.0,0.0,0.0,2,4,2,3,2,-1
0.0736317472258792,1.0,0.188747376203537,218,9,3,0.0069167497507477,0.9709776919242272,0.0,0.0,0.0,2,4,2,3,2,-1
0.0737257852172277,1.0,0.188747376203537,218,9,3,0.0069167497507477,0.9709776919242272,0.0,0.0,0.0,2,4,2,3,2,-1
0.0740078991912732,1.0,0.1889159977436065,218,9,3,0.0069167497507477,0.9709776919242272,0.0,0.0,0.0,2,4,2,3,2,-1
0.0741019371826217,1.0,0.1889159977436065,218,9,3,0.0069167497507477,0.9709776919242272,0.0,0.0,0.0,2,4,2,3,2,-1
0.0742900131653187,1.0,0.1892336905002594,218,9,3,0.0069167497507477,0.9709776919242272,0.0,0.0,0.0,2,4,2,3,2,-1
0.0743840511566673,1.0,0.1892336905002594,218,9,3,0.0069167497507477,0.9709776919242272,0.0,0.0,0.0,2,4,2,3,2,-1
0.0744780891480157,1.0,0.189474880695343,218,9,3,0.0069167497507477,0.9709776919242272,0.0,0.0,0.0,2,4,2,3,2,-1
0.0745721271393643,1.0,0.189474880695343,218,9,3,0.0069167497507477,0.9709776919242272,0.0,0.0,0.0,2,4,2,3,2,-1
0.0747602031220613,1.0,0.1896834075450897,218,9,3,0.0069167497507477,0.9709776919242272,0.0,0.0,0.0,2,1,2,3,2,-1
0.0749482791047583,1.0,0.1896834075450897,218,9,3,0.0069167497507477,0.9709776919242272,0.0,0.0,0.0,2,4,2,3,2,-1
0.0750423170961068,0.7527173913043478,0.1896834075450897,218,9,3,0.0069167497507477,0.9709776919242272,0.0,0.0,0.0,2,1,2,3,2,-1
0.0757946210268948,0.0163043478260869,0.1911188662052154,146,8,3,0.9304274675972084,0.1196566550348953,0.0,0.0,0.0,2,4,2,3,2,-1
0.0758886590182433,0.0353260869565217,0.1912775039672851,7,3,0,0.9304274675972084,0.1196566550348953,0.0,0.0,0.0,2,4,2,3,2,-1
0.0765469249576829,0.0163043478260869,0.1939282715320587,6,32,3,0.9709776919242272,0.0069167497507477,0.0,0.0,0.0,2,4,2,3,2,-1
0.0766409629490314,0.0163043478260869,0.1939356327056884,6,32,3,0.9709776919242272,0.0069167497507477,0.0,0.0,0.0,2,4,2,3,2,-1
0.0767350009403799,0.0163043478260869,0.1939377188682556,6,32,3,0.9709776919242272,0.0069167497507477,0.0,0.0,0.0,2,4,2,3,2,-1
0.0768290389317284,0.0163043478260869,0.1939395666122436,6,32,3,0.9709776919242272,0.0069167497507477,0.0,0.0,0.0,2,4,2,3,2,-1
0.0769230769230769,0.0163043478260869,0.1939414143562317,6,32,3,0.9709776919242272,0.0069167497507477,0.0,0.0,0.0,2,4,2,3,2,-1
0.0770171149144254,0.0163043478260869,0.1939432621002197,6,32,3,0.9709776919242272,0.0069167497507477,0.0,0.0,0.0,2,4,2,3,2,-1
0.0771111529057739,0.0163043478260869,0.1939450800418853,6,32,3,0.9709776919242272,0.0069167497507477,0.0,0.0,0.0,2,4,2,3,2,-1
0.0772051908971224,0.0244565217391304,0.1939469277858734,6,32,3,0.9709776919242272,0.0069167497507477,0.0,0.0,0.0,2,4,2,3,2,-1
0.0772992288884709,0.0244565217391304,0.193948894739151,6,32,3,0.9709776919242272,0.0069167497507477,0.0,0.0,0.0,2,4,2,3,2,-1
0.0773932668798194,0.0244565217391304,0.1939508616924286,6,32,3,0.9709776919242272,0.0069167497507477,0.0,0.0,0.0,2,4,2,3,2,-1
0.0774873048711679,0.0244565217391304,0.1939541399478912,6,32,3,0.9709776919242272,0.0069167497507477,0.0,0.0,0.0,2,4,2,3,2,-1
0.0775813428625164,0.0244565217391304,0.1939561069011688,6,32,3,0.9709776919242272,0.0069167497507477,0.0,0.0,0.0,2,4,2,3,2,-1
0.0776753808538649,0.0244565217391304,0.193958044052124,6,32,3,0.9709776919242272,0.0069167497507477,0.0,0.0,0.0,2,4,2,3,2,-1
0.0777694188452134,0.045516304347826,0.1939603090286255,6,32,3,0.9709776919242272,0.0069167497507477,0.0,0.0,0.0,2,1,2,3,2,-1
0.079744216663532,1.0,0.2016012966632843,218,9,3,0.0069167497507477,0.9709776919242272,0.0,0.0,0.0,2,1,2,3,2,-1
0.0806845965770171,0.0163043478260869,0.2048691809177398,6,32,3,0.9709776919242272,0.0069167497507477,0.0,0.0,0.0,2,4,2,3,2,-1
0.0811547865337596,0.0163043478260869,0.2071050107479095,218,9,3,0.0069167497507477,0.9709776919242272,0.0,0.0,0.0,2,4,2,3,2,-1
0.0812488245251081,0.0679347826086956,0.207869291305542,6,32,3,0.9709776919242272,0.0069167497507477,0.0,0.0,0.0,2,1,2,3,2,-1
0.0835057363174722,0.2207880434782608,0.216100662946701,218,9,3,0.0069167497507477,0.9709776919242272,0.0,0.0,0.0,2,1,2,3,2,-1
0.0849163061876998,1.0,0.217399775981903,218,9,3,0.0069167497507477,0.9709776919242272,0.0,0.0,0.0,2,2,2,3,2,-1
0.0861388000752303,1.0,0.218876451253891,218,9,3,0.0069167497507477,0.9709776919242272,0.0,0.0,0.0,2,2,2,3,2,-1
0.0863268760579274,0.3994565217391304,0.2191063463687896,218,9,3,0.0069167497507477,0.9709776919242272,0.0,0.0,0.0,2,1,2,3,2,-1
0.0869851419973669,0.093070652173913,0.2208363115787506,107,47,1,0.0,0.0,0.0,0.9926597384364176,0.0290171416360111,2,4,2,3,2,-1
0.0873612939627609,0.0163043478260869,0.221849262714386,6,32,3,0.9709776919242272,0.0069167497507477,0.0,0.0,0.0,2,4,2,3,2,-1
0.0874553319541094,0.0163043478260869,0.2218556702136993,6,32,3,0.9709776919242272,0.0069167497507477,0.0,0.0,0.0,2,4,2,3,2,-1
0.0876434079368064,0.0339673913043478,0.2220252156257629,78,44,1,0.0,0.0,0.0,0.953852492789452,0.1017660616976783,2,4,2,3,2,-1
0.0877374459281549,0.0163043478260869,0.222172200679779,6,32,3,0.9709776919242272,0.0069167497507477,0.0,0.0,0.0,2,4,2,3,2,-1
0.0878314839195034,0.0163043478260869,0.2221772968769073,6,32,3,0.9709776919242272,0.0069167497507477,0.0,0.0,0.0,2,4,2,3,2,-1
0.0879255219108519,0.0163043478260869,0.2221788763999939,6,32,3,0.9709776919242272,0.0069167497507477,0.0,0.0,0.0,2,4,2,3,2,-1
0.0880195599022004,0.0163043478260869,0.2221801877021789,6,32,3,0.9709776919242272,0.0069167497507477,0.0,0.0,0.0,2,4,2,3,2,-1
0.088113597893549,0.0163043478260869,0.222181349992752,6,32,3,0.9709776919242272,0.0069167497507477,0.0,0.0,0.0,2,4,2,3,2,-1
0.0882076358848975,0.0163043478260869,0.2221826612949371,6,32,3,0.9709776919242272,0.0069167497507477,0.0,0.0,0.0,2,4,2,3,2,-1
0.088301673876246,0.0163043478260869,0.2221839725971222,6,32,3,0.9709776919242272,0.0069167497507477,0.0,0.0,0.0,2,4,2,3,2,-1
0.0883957118675945,0.0163043478260869,0.2221853137016296,6,32,3,0.9709776919242272,0.0069167497507477,0.0,0.0,0.0,2,4,2,3,2,-1
0.088489749858943,0.0163043478260869,0.2221866250038147,6,32,3,0.9709776919242272,0.0069167497507477,0.0,0.0,0.0,2,4,2,3,2,-1
0.0885837878502915,0.0163043478260869,0.2221879363059997,6,32,3,0.9709776919242272,0.0069167497507477,0.0,0.0,0.0,2,4,2,3,2,-1
0.08867782584164,0.0163043478260869,0.2221900224685669,6,32,3,0.9709776919242272,0.0069167497507477,0.0,0.0,0.0,2,4,2,3,2,-1
0.0899003197291705,0.0672554347826086,0.2261780798435211,6,32,3,0.9709776919242272,0.0069167497507477,0.0,0.0,0.0,2,1,2,3,2,-1
0.089994357720519,0.1154891304347826,0.2265816330909729,33,47,1,0.0,0.0,0.0,0.9089563399410948,0.0290171416360111,2,4,2,3,2,-1
0.0916870415647921,0.2207880434782608,0.2335981130599975,218,9,3,0.0069167497507477,0.9709776919242272,0.0,0.0,0.0,2,1,2,3,2,-1
0.0932856874177167,1.0,0.23452690243721,218,9,3,0.0069167497507477,0.9709776919242272,0.0,0.0,0.0,2,2,2,3,2,-1
0.0942260673312018,0.6297554347826086,0.2350738644599914,218,9,3,0.0069167497507477,0.9709776919242272,0.0,0.0,0.0,2,1,2,3,2,-1
0.0971412450630054,0.0672554347826086,0.2420903444290161,6,32,3,0.9709776919242272,0.0069167497507477,0.0,0.0,0.0,2,1,2,3,2,-1
0.1004325747602031,0.2133152173913043,0.2481516599655151,218,9,3,0.0069167497507477,0.9709776919242272,0.0,0.0,0.0,2,1,2,3,2,-1
0.1023133345871732,1.0,0.2492548823356628,218,9,3,0.0069167497507477,0.9709776919242272,0.0,0.0,0.0,2,2,2,3,2,-1
0.1037239044574007,1.0,0.2509210407733917,218,9,3,0.0069167497507477,0.9709776919242272,0.0,0.0,0.0,2,2,2,3,2,-1
0.1038179424487493,0.2710597826086957,0.2509210407733917,218,9,3,0.0069167497507477,0.9709776919242272,0.0,0.0,0.0,2,1,2,3,2,-1
0.1064510062065074,0.0672554347826086,0.2556122243404388,6,32,3,0.9709776919242272,0.0069167497507477,0.0,0.0,0.0,2,1,2,3,2,-1
0.1075794621026894,0.076766304347826,0.2590798735618591,88,43,1,0.0,0.0,0.0,0.9473515542736805,0.1858867705646207,2,4,2,3,2,-1
0.1076735000940379,0.1154891304347826,0.2596342861652374,27,47,1,0.0,0.0,0.0,0.910985975674892,0.0290171416360111,2,4,2,3,2,-1
0.1079556140680835,0.0163043478260869,0.2610267102718353,265,29,3,0.8500903539381853,0.1196566550348953,0.0,0.0,0.0,2,4,2,3,2,-1
0.108049652059432,0.0353260869565217,0.2610572874546051,9,7,0,0.8500903539381853,0.1196566550348953,0.0,0.0,0.0,2,4,2,3,2,-1
0.108237728042129,0.2207880434782608,0.2617758810520172,218,9,3,0.0069167497507477,0.9709776919242272,0.0,0.0,0.0,2,1,2,3,2,-1
0.1101184878690991,1.0,0.2629856467247009,218,9,3,0.0069167497507477,0.9709776919242272,0.0,0.0,0.0,2,2,2,3,2,-1
0.1104006018431446,0.2540760869565217,0.2633140981197357,218,9,3,0.0069167497507477,0.9709776919242272,0.0,0.0,0.0,2,1,2,3,2,-1
0.1117171337220237,0.1154891304347826,0.2678341567516327,27,47,1,0.0,0.0,0.0,0.9110012360939432,0.0290171416360111,2,4,2,3,2,-1
0.1121873236787662,0.0672554347826086,0.269011378288269,6,32,3,0.9709776919242272,0.0069167497507477,0.0,0.0,0.0,2,1,2,3,2,-1
0.1138800075230393,0.0122282608695652,0.2750302851200104,305,48,1,0.0,0.0,0.0,0.8016755940118117,0.0604002259093615,2,4,2,3,2,-1
0.1139740455143878,0.0122282608695652,0.2750302851200104,305,48,1,0.0,0.0,0.0,0.8671733125791635,0.0604002259093615,2,4,2,3,2,-1
0.1140680835057363,0.0122282608695652,0.2750302851200104,305,48,1,0.0,0.0,0.0,0.8217277846449664,0.0604002259093615,2,4,2,3,2,-1
0.1142561594884333,0.2201086956521739,0.2756490111351013,218,9,3,0.0069167497507477,0.9709776919242272,0.0,0.0,0.0,2,1,2,3,2,-1
0.117547489185631,0.0244565217391304,0.2777850925922394,6,32,3,0.9709776919242272,0.0069167497507477,0.0,0.0,0.0,2,4,2,3,2,-1
0.1176415271769795,0.0244565217391304,0.2777900993824005,6,32,3,0.9709776919242272,0.0069167497507477,0.0,0.0,0.0,2,4,2,3,2,-1
0.117735565168328,0.0244565217391304,0.2777920663356781,6,32,3,0.9709776919242272,0.0069167497507477,0.0,0.0,0.0,2,4,2,3,2,-1
0.118299793116419,0.0244565217391304,0.2782550156116485,6,32,3,0.9709776919242272,0.0069167497507477,0.0,0.0,0.0,2,4,2,3,2,-1
0.118675945081813,0.4999999999999999,0.2784862220287323,218,9,3,0.0069167497507477,0.9709776919242272,0.0,0.0,0.0,2,4,2,3,2,-1
0.119052097047207,0.076766304347826,0.2792354226112366,44,43,1,0.0,0.0,0.0,0.8459918509362268,0.1858867705646207,2,4,2,3,2,-1
0.1191461350385555,0.0244565217391304,0.2792560160160064,6,32,3,0.9709776919242272,0.0069167497507477,0.0,0.0,0.0,2,4,2,3,2,-1
0.1221553507617077,1.0,0.2853574752807617,218,9,3,0.0069167497507477,0.9709776919242272,0.0,0.0,0.0,2,1,2,3,2,-1
0.1224374647357532,0.0244565217391304,0.2861618995666504,6,32,3,0.9709776919242272,0.0069167497507477,0.0,0.0,0.0,2,4,2,3,2,-1
0.1232838066578898,0.093070652173913,0.2876662313938141,292,47,1,0.0,0.0,0.0,0.9406980115673976,0.0290171416360111,2,4,2,3,2,-1
0.1258228324242994,0.0672554347826086,0.2931105196475982,6,32,3,0.9709776919242272,0.0069167497507477,0.0,0.0,0.0,2,1,2,3,2,-1
0.128173782208012,0.2038043478260869,0.2991441190242767,218,9,3,0.0069167497507477,0.9709776919242272,0.0,0.0,0.0,2,1,2,3,2,-1
0.1295843520782396,0.1786684782608695,0.300307035446167,126,24,1,0.0,0.0,0.0,0.8380411726106,0.8382458443362385,2,4,2,3,2,-1
0.1297724280609366,1.0,0.300307035446167,218,9,3,0.0069167497507477,0.9709776919242272,0.0,0.0,0.0,2,2,2,3,2,-1
0.1305247319917246,0.0339673913043478,0.3008915483951568,21,44,1,0.0,0.0,0.0,0.7865525187321645,0.1017660616976783,2,4,2,3,2,-1
0.1316531878879067,1.0,0.3017442226409912,218,9,3,0.0069167497507477,0.9709776919242272,0.0,0.0,0.0,2,2,2,3,2,-1
0.1336279857062253,1.0,0.3035245537757873,218,9,3,0.0069167497507477,0.9709776919242272,0.0,0.0,0.0,2,2,2,3,2,-1
0.1337220236975738,0.1759510869565217,0.3035245537757873,218,9,3,0.0069167497507477,0.9709776919242272,0.0,0.0,0.0,2,1,2,3,2,-1
0.1343802896370133,0.093070652173913,0.3046432733535766,92,47,1,0.0,0.0,0.0,0.9371270735094388,0.0290171416360111,2,4,2,3,2,-1
0.1353206695504984,0.0672554347826086,0.3081291317939758,6,32,3,0.9709776919242272,0.0069167497507477,0.0,0.0,0.0,2,1,2,3,2,-1
0.1358848974985894,0.1154891304347826,0.3106368482112884,51,47,1,0.0,0.0,0.0,0.7501411588762228,0.0290171416360111,2,4,2,3,2,-1
0.136919315403423,0.203125,0.3141942620277405,218,9,3,0.0069167497507477,0.9709776919242272,0.0,0.0,0.0,2,1,2,3,2,-1
0.1463231145382734,0.4341032608695652,0.3189699351787567,218,9,3,0.0069167497507477,0.9709776919242272,0.0,0.0,0.0,2,1,2,3,2,-1
0.1482038743652435,0.076766304347826,0.3214578330516815,249,43,1,0.0,0.0,0.0,0.7581223580399519,0.1858867705646207,2,4,2,3,2,-1
0.1488621403046831,0.0163043478260869,0.323306530714035,183,28,3,0.9787668245264206,0.1196566550348953,0.0,0.0,0.0,2,4,2,3,2,-1
0.1490502162873801,0.0353260869565217,0.3234250545501709,16,26,0,0.9787668245264206,0.1196566550348953,0.0,0.0,0.0,2,4,2,3,2,-1
0.1508369381230017,0.0672554347826086,0.3246195912361145,6,32,3,0.9709776919242272,0.0069167497507477,0.0,0.0,0.0,2,1,2,3,2,-1
0.1607109272145947,0.203125,0.3313154876232147,218,9,3,0.0069167497507477,0.9709776919242272,0.0,0.0,0.0,2,1,2,3,2,-1
0.1608049652059432,1.0,0.3313154876232147,218,9,3,0.0069167497507477,0.9709776919242272,0.0,0.0,0.0,2,4,2,3,2,-1
0.1608990031972917,1.0,0.3313154876232147,218,9,3,0.0069167497507477,0.9709776919242272,0.0,0.0,0.0,2,4,2,3,2,-1
0.1610870791799887,1.0,0.3317049741744995,218,9,3,0.0069167497507477,0.9709776919242272,0.0,0.0,0.0,2,4,2,3,2,-1
0.1611811171713372,1.0,0.3317049741744995,218,9,3,0.0069167497507477,0.9709776919242272,0.0,0.0,0.0,2,4,2,3,2,-1
0.1613691931540342,1.0,0.3317974805831909,218,9,3,0.0069167497507477,0.9709776919242272,0.0,0.0,0.0,2,4,2,3,2,-1
0.1614632311453827,1.0,0.3317974805831909,218,9,3,0.0069167497507477,0.9709776919242272,0.0,0.0,0.0,2,4,2,3,2,-1
0.1615572691367312,0.0163043478260869,0.3318309187889099,6,32,3,0.9709776919242272,0.0069167497507477,0.0,0.0,0.0,2,4,2,3,2,-1
0.1616513071280797,1.0,0.3320963978767395,218,9,3,0.0069167497507477,0.9709776919242272,0.0,0.0,0.0,2,4,2,3,2,-1
0.1617453451194282,1.0,0.3320963978767395,218,9,3,0.0069167497507477,0.9709776919242272,0.0,0.0,0.0,2,4,2,3,2,-1
0.1618393831107767,0.0163043478260869,0.3321192264556885,6,32,3,0.9709776919242272,0.0069167497507477,0.0,0.0,0.0,2,4,2,3,2,-1
0.1619334211021252,0.0163043478260869,0.3321238458156585,6,32,3,0.9709776919242272,0.0069167497507477,0.0,0.0,0.0,2,4,2,3,2,-1
0.1620274590934737,1.0,0.3322131931781769,218,9,3,0.0069167497507477,0.9709776919242272,0.0,0.0,0.0,2,4,2,3,2,-1
0.1621214970848223,1.0,0.3322131931781769,218,9,3,0.0069167497507477,0.9709776919242272,0.0,0.0,0.0,2,4,2,3,2,-1
0.1622155350761707,0.0163043478260869,0.3324239253997803,6,32,3,0.9709776919242272,0.0069167497507477,0.0,0.0,0.0,2,4,2,3,2,-1
0.1623095730675193,1.0,0.3325108289718628,218,9,3,0.0069167497507477,0.9709776919242272,0.0,0.0,0.0,2,4,2,3,2,-1
0.1624036110588678,1.0,0.3325108289718628,218,9,3,0.0069167497507477,0.9709776919242272,0.0,0.0,0.0,2,2,2,3,2,-1
0.1624976490502163,1.0,0.3326194882392883,218,9,3,0.0069167497507477,0.9709776919242272,0.0,0.0,0.0,2,4,2,3,2,-1
0.1625916870415648,1.0,0.3326194882392883,218,9,3,0.0069167497507477,0.9709776919242272,0.0,0.0,0.0,2,4,2,3,2,-1
0.1626857250329133,0.0163043478260869,0.3327480554580688,6,32,3,0.9709776919242272,0.0069167497507477,0.0,0.0,0.0,2,4,2,3,2,-1
0.1628738010156103,0.0163043478260869,0.3330708742141723,6,32,3,0.9709776919242272,0.0069167497507477,0.0,0.0,0.0,2,4,2,3,2,-1
0.1629678390069588,0.0163043478260869,0.333076536655426,6,32,3,0.9709776919242272,0.0069167497507477,0.0,0.0,0.0,2,4,2,3,2,-1
0.1636261049463983,1.0,0.3336897492408752,218,9,3,0.0069167497507477,0.9709776919242272,0.0,0.0,0.0,2,1,2,3,2,-1
0.1637201429377468,1.0,0.3336897492408752,218,9,3,0.0069167497507477,0.9709776919242272,0.0,0.0,0.0,2,4,2,3,2,-1
0.1638141809290953,1.0,0.3339422047138214,218,9,3,0.0069167497507477,0.9709776919242272,0.0,0.0,0.0,2,4,2,3,2,-1
0.1639082189204438,1.0,0.3339422047138214,218,9,3,0.0069167497507477,0.9709776919242272,0.0,0.0,0.0,2,4,2,3,2,-1
0.1641903328944894,1.0,0.3340859115123749,218,9,3,0.0069167497507477,0.9709776919242272,0.0,0.0,0.0,2,4,2,3,2,-1
0.1642843708858379,1.0,0.3340859115123749,218,9,3,0.0069167497507477,0.9709776919242272,0.0,0.0,0.0,2,4,2,3,2,-1
0.1643784088771864,0.0244565217391304,0.3343158364295959,6,32,3,0.9709776919242272,0.0069167497507477,0.0,0.0,0.0,2,4,2,3,2,-1
0.1644724468685349,0.0244565217391304,0.3343197405338287,6,32,3,0.9709776919242272,0.0069167497507477,0.0,0.0,0.0,2,4,2,3,2,-1
0.1645664848598834,0.0244565217391304,0.3343217074871063,6,32,3,0.9709776919242272,0.0069167497507477,0.0,0.0,0.0,2,4,2,3,2,-1
0.1646605228512319,1.0,0.3344395756721496,218,9,3,0.0069167497507477,0.9709776919242272,0.0,0.0,0.0,2,4,2,3,2,-1
0.1647545608425804,1.0,0.3344395756721496,218,9,3,0.0069167497507477,0.9709776919242272,0.0,0.0,0.0,2,4,2,3,2,-1
0.1649426368252774,0.0244565217391304,0.3345878422260284,6,32,3,0.9709776919242272,0.0069167497507477,0.0,0.0,0.0,2,4,2,3,2,-1
0.1650366748166259,0.0244565217391304,0.3345930874347687,6,32,3,0.9709776919242272,0.0069167497507477,0.0,0.0,0.0,2,4,2,3,2,-1
0.1654128267820199,0.0244565217391304,0.3350997567176819,6,32,3,0.9709776919242272,0.0069167497507477,0.0,0.0,0.0,2,4,2,3,2,-1
0.1656009027647169,0.029891304347826,0.335616797208786,6,32,3,0.9709776919242272,0.0069167497507477,0.0,0.0,0.0,2,4,2,3,2,-1
0.1662591687041565,0.029891304347826,0.3375469744205475,161,24,1,0.0,0.0,0.0,0.8793358665628959,0.879550623540366,2,4,2,3,2,-1
0.1695504984013541,0.0163043478260869,0.3470613658428192,119,5,3,0.9007664506480556,0.1196566550348953,0.0,0.0,0.0,2,4,2,3,2,-1
0.1696445363927026,0.0353260869565217,0.3470833897590637,12,18,0,0.9007664506480556,0.1196566550348953,0.0,0.0,0.0,2,4,2,3,2,-1
0.1714312582283242,0.0163043478260869,0.3512043952941894,92,22,3,0.902869516450648,0.1196566550348953,0.0,0.0,0.0,2,4,2,3,2,-1
0.1715252962196727,0.0353260869565217,0.3512151539325714,11,13,0,0.902869516450648,0.1196566550348953,0.0,0.0,0.0,2,4,2,3,2,-1
0.1730299040812488,0.0339673913043478,0.3531874716281891,78,44,1,0.0,0.0,0.0,0.953852492789452,0.1017660616976783,2,4,2,3,2,-1
0.1759450818130525,0.1154891304347826,0.3592004776000976,33,47,1,0.0,0.0,0.0,0.9089563399410948,0.0290171416360111,2,4,2,3,2,-1
0.1782019936054166,0.0163043478260869,0.3629246354103088,6,14,3,0.9994236041874376,0.1196566550348953,0.0,0.0,0.0,2,4,2,3,2,-1
0.1784841075794621,0.0163043478260869,0.3631394803524017,94,9,3,0.1196566550348953,0.9994236041874376,0.0,0.0,0.0,2,4,2,3,2,-1
0.1785781455708106,0.0081521739130434,0.3631709516048431,6,14,3,0.9994236041874376,0.1196566550348953,0.0,0.0,0.0,2,4,2,3,2,-1
0.1786721835621591,0.0591032608695652,0.3632125854492187,6,14,3,0.9994236041874376,0.1196566550348953,0.0,0.0,0.0,2,4,2,3,2,-1
0.1788602595448561,0.0591032608695652,0.3636427223682403,94,9,3,0.1196566550348953,0.9994236041874376,0.0,0.0,0.0,2,4,2,3,2,-1
0.1790483355275531,0.0264945652173913,0.3637259304523468,6,14,3,0.9994236041874376,0.1196566550348953,0.0,0.0,0.0,2,4,2,3,2,-1
0.1791423735189016,0.0264945652173913,0.364016979932785,94,9,3,0.1196566550348953,0.9994236041874376,0.0,0.0,0.0,2,4,2,3,2,-1
0.1792364115102501,0.0122282608695652,0.364016979932785,94,9,3,0.1196566550348953,0.9994236041874376,0.0,0.0,0.0,2,4,2,3,2,-1
0.1793304495015986,0.0081521739130434,0.3640333712100982,6,14,3,0.9994236041874376,0.1196566550348953,0.0,0.0,0.0,2,4,2,3,2,-1
0.1794244874929471,0.0081521739130434,0.3641180098056793,6,14,3,0.9994236041874376,0.1196566550348953,0.0,0.0,0.0,2,4,2,3,2,-1
0.1797066014669927,0.0122282608695652,0.3643056750297546,94,9,3,0.1196566550348953,0.9994236041874376,0.0,0.0,0.0,2,4,2,3,2,-1
0.1814933233026142,0.0869565217391304,0.3717041611671448,135,24,1,0.0,0.0,0.0,0.9398281676814846,0.7785935615831971,2,4,2,3,2,-1
0.1835621591122813,1.0,0.3778777718544006,218,9,3,0.0069167497507477,0.9709776919242272,0.0,0.0,0.0,2,4,2,3,2,-1
0.1838442730863269,0.0353260869565217,0.3779007494449615,10,10,0,0.1312001495513459,0.1196566550348953,0.0,0.0,0.0,2,4,2,3,2,-1
0.1846906150084634,0.5264945652173912,0.3831444084644317,6,33,1,0.0,0.0,0.0,0.951136138198355,0.0067772808450231,2,4,2,3,2,-1
0.1847846529998119,0.8457880434782608,0.3831526637077331,6,33,1,0.0,0.0,0.0,0.951136138198355,0.0067772808450231,2,4,2,3,2,-1
0.1850667669738574,0.8491847826086956,0.3832948803901672,6,33,1,0.0,0.0,0.0,0.951136138198355,0.0067772808450231,2,4,2,3,2,-1
0.1901448185066767,0.029891304347826,0.3851115703582763,6,32,3,0.9709776919242272,0.0069167497507477,0.0,0.0,0.0,2,4,2,3,2,-1
0.1953169080308444,0.093070652173913,0.3879960477352142,300,47,1,0.0,0.0,0.0,0.8112286163378047,0.0290171416360111,2,4,2,3,2,-1
0.2052849351137859,0.4456521739130434,0.3907201588153839,200,47,1,0.0,0.0,0.0,0.9810312991194738,0.0565231328133347,2,4,2,3,2,-1
0.2092345307504232,1.0,0.39270681142807,218,9,3,0.0069167497507477,0.9709776919242272,0.0,0.0,0.0,2,4,2,3,2,-1
0.2094226067331202,1.0,0.39270681142807,218,9,3,0.0069167497507477,0.9709776919242272,0.0,0.0,0.0,2,4,2,3,2,-1
0.2095166447244687,1.0,0.39270681142807,218,9,3,0.0069167497507477,0.9709776919242272,0.0,0.0,0.0,2,4,2,3,2,-1
0.2096106827158172,1.0,0.3928559720516205,218,9,3,0.0069167497507477,0.9709776919242272,0.0,0.0,0.0,2,4,2,3,2,-1
0.2288884709422607,0.029891304347826,0.3996437489986419,6,32,3,0.9709776919242272,0.0069167497507477,0.0,0.0,0.0,2,4,2,3,2,-1
0.2289825089336092,0.029891304347826,0.3996487259864807,6,32,3,0.9709776919242272,0.0069167497507477,0.0,0.0,0.0,2,4,2,3,2,-1
0.2290765469249577,0.029891304347826,0.3996500372886657,6,32,3,0.9709776919242272,0.0069167497507477,0.0,0.0,0.0,2,4,2,3,2,-1
0.2327440285875494,0.1154891304347826,0.4017738103866577,27,47,1,0.0,0.0,0.0,0.910985975674892,0.0290171416360111,2,4,2,3,2,-1
0.2333082565356404,0.1154891304347826,0.4017738103866577,27,47,1,0.0,0.0,0.0,0.9110012360939432,0.0290171416360111,2,4,2,3,2,-1
0.2416776377656573,1.0,0.4066296815872192,218,9,3,0.0069167497507477,0.9709776919242272,0.0,0.0,0.0,2,4,2,3,2,-1
0.2417716757570058,1.0,0.4066296815872192,218,9,3,0.0069167497507477,0.9709776919242272,0.0,0.0,0.0,2,4,2,3,2,-1
0.2418657137483543,1.0,0.4067852795124054,218,9,3,0.0069167497507477,0.9709776919242272,0.0,0.0,0.0,2,1,2,3,2,-1
0.2420537897310513,1.0,0.4068061411380768,218,9,3,0.0069167497507477,0.9709776919242272,0.0,0.0,0.0,2,4,2,3,2,-1
0.2421478277223998,1.0,0.4068061411380768,218,9,3,0.0069167497507477,0.9709776919242272,0.0,0.0,0.0,2,1,2,3,2,-1
0.2452510814369005,0.029891304347826,0.4083256125450134,6,32,3,0.9709776919242272,0.0069167497507477,0.0,0.0,0.0,2,4,2,3,2,-1
0.2454391574195975,0.029891304347826,0.4083307385444641,6,32,3,0.9709776919242272,0.0069167497507477,0.0,0.0,0.0,2,4,2,3,2,-1
0.245533195410946,0.0244565217391304,0.4083324372768402,6,32,3,0.9709776919242272,0.0069167497507477,0.0,0.0,0.0,2,4,2,3,2,-1
0.2456272334022945,0.0244565217391304,0.4083338677883148,6,32,3,0.9709776919242272,0.0069167497507477,0.0,0.0,0.0,2,4,2,3,2,-1
0.245721271393643,0.0163043478260869,0.4083351790904999,6,32,3,0.9709776919242272,0.0069167497507477,0.0,0.0,0.0,2,4,2,3,2,-1
0.2618017679142373,0.0672554347826086,0.4149277210235595,6,32,3,0.9709776919242272,0.0069167497507477,0.0,0.0,0.0,2,1,2,3,2,-1
0.2626481098363739,0.076766304347826,0.4151664078235626,258,43,1,0.0,0.0,0.0,0.8397808603824262,0.1858867705646207,2,4,2,3,2,-1
0.2891668233966523,0.2207880434782608,0.4246352314949035,218,9,3,0.0069167497507477,0.9709776919242272,0.0,0.0,0.0,2,1,2,3,2,-1
0.2892608613880008,1.0,0.4246352314949035,218,9,3,0.0069167497507477,0.9709776919242272,0.0,0.0,0.0,2,4,2,3,2,-1
0.2894489373706977,1.0,0.4246352314949035,218,9,3,0.0069167497507477,0.9709776919242272,0.0,0.0,0.0,2,4,2,3,2,-1
0.2904833552755313,1.0,0.4246352314949035,218,9,3,0.0069167497507477,0.9709776919242272,0.0,0.0,0.0,2,4,2,3,2,-1
0.2905773932668798,1.0,0.4246352314949035,218,9,3,0.0069167497507477,0.9709776919242272,0.0,0.0,0.0,2,4,2,3,2,-1
0.2906714312582283,1.0,0.4246352314949035,218,9,3,0.0069167497507477,0.9709776919242272,0.0,0.0,0.0,2,4,2,3,2,-1
0.2907654692495768,1.0,0.4246352314949035,218,9,3,0.0069167497507477,0.9709776919242272,0.0,0.0,0.0,2,4,2,3,2,-1
0.2917998871544104,1.0,0.4246352314949035,218,9,3,0.0069167497507477,0.9709776919242272,0.0,0.0,0.0,2,4,2,3,2,-1
0.2918939251457589,1.0,0.4246352314949035,218,9,3,0.0069167497507477,0.9709776919242272,0.0,0.0,0.0,2,4,2,3,2,-1
0.2920820011284559,1.0,0.4246352314949035,218,9,3,0.0069167497507477,0.9709776919242272,0.0,0.0,0.0,2,4,2,3,2,-1
0.2921760391198044,0.951766304347826,0.4246352314949035,218,9,3,0.0069167497507477,0.9709776919242272,0.0,0.0,0.0,2,1,2,3,2,-1
0.3018619522287004,0.0163043478260869,0.4269609451293945,6,32,3,0.9709776919242272,0.0069167497507477,0.0,0.0,0.0,2,4,2,3,2,-1
0.3019559902200489,0.0163043478260869,0.4269631803035736,6,32,3,0.9709776919242272,0.0069167497507477,0.0,0.0,0.0,2,4,2,3,2,-1
0.3020500282113974,0.0163043478260869,0.4269639551639557,6,32,3,0.9709776919242272,0.0069167497507477,0.0,0.0,0.0,2,4,2,3,2,-1
0.3021440662027459,0.0163043478260869,0.4269649982452392,6,32,3,0.9709776919242272,0.0069167497507477,0.0,0.0,0.0,2,4,2,3,2,-1
0.3022381041940944,0.0163043478260869,0.4269655346870422,6,32,3,0.9709776919242272,0.0069167497507477,0.0,0.0,0.0,2,4,2,3,2,-1
0.3082565356403987,0.1786684782608695,0.4296059310436249,126,24,1,0.0,0.0,0.0,0.8380411726106,0.8382458443362385,2,4,2,3,2,-1
0.3117359413202934,0.0163043478260869,0.4311141073703766,6,32,3,0.9709776919242272,0.0069167497507477,0.0,0.0,0.0,2,4,2,3,2,-1
0.3349633251833741,0.0163043478260869,0.4473482668399811,189,20,3,0.947532402791625,0.1196566550348953,0.0,0.0,0.0,2,4,2,3,2,-1
0.3350573631747226,0.0353260869565217,0.4474679231643677,17,30,0,0.947532402791625,0.1196566550348953,0.0,0.0,0.0,2,4,2,3,2,-1
0.3376904269324807,0.076766304347826,0.450729638338089,76,43,1,0.0,0.0,0.0,0.9329914999465886,0.1858867705646207,2,4,2,3,2,-1
0.3464359601278917,0.0163043478260869,0.4558292031288147,183,28,3,0.9787668245264206,0.1196566550348953,0.0,0.0,0.0,2,4,2,3,2,-1
0.3475644160240737,0.0353260869565217,0.4570119380950928,16,26,0,0.9787668245264206,0.1196566550348953,0.0,0.0,0.0,2,4,2,3,2,-1
0.352454391574196,0.0271739130434782,0.4675503969192505,103,48,1,0.0,0.0,0.0,0.7261670405469335,0.7263443896631202,2,4,2,3,2,-1
0.3525484295655445,0.0271739130434782,0.4675503969192505,103,24,1,0.0,0.0,0.0,0.7261670405469335,0.7263443896631202,2,4,2,3,2,-1
0.3559337972540907,0.046875,0.4766154289245605,299,9,3,0.0069167497507477,0.9695912263210368,0.0,0.0,0.0,2,1,2,3,2,-1
0.3561218732367877,0.0163043478260869,0.477283239364624,6,60,3,0.9695912263210368,0.0069167497507477,0.0,0.0,0.0,2,4,2,3,2,-1
0.3562159112281362,0.0353260869565217,0.4772917926311493,6,51,3,0.9857926221335992,0.0069167497507477,0.0,0.0,0.0,2,1,2,3,2,-1
0.3572503291329697,0.0414402173913043,0.4789928495883941,6,60,3,0.9695912263210368,0.0069167497507477,0.0,0.0,0.0,2,1,2,3,2,-1
0.3577205190897122,0.0414402173913043,0.4796738028526306,6,60,3,0.9695912263210368,0.0069167497507477,0.0,0.0,0.0,2,1,2,3,2,-1
0.3578145570810607,0.0414402173913043,0.4797508120536804,6,60,3,0.9695912263210368,0.0069167497507477,0.0,0.0,0.0,2,1,2,3,2,-1
0.3617641527176979,0.0163043478260869,0.4845480322837829,299,9,3,0.0069167497507477,0.9695912263210368,0.0,0.0,0.0,2,4,2,3,2,-1
0.362140304683092,0.0163043478260869,0.4851578176021576,299,9,3,0.0069167497507477,0.9695912263210368,0.0,0.0,0.0,2,4,2,3,2,-1
0.3622343426744405,0.0414402173913043,0.4851860404014587,6,60,3,0.9695912263210368,0.0069167497507477,0.0,0.0,0.0,2,1,2,3,2,-1
0.362328380665789,0.0163043478260869,0.4852084815502167,299,9,3,0.0069167497507477,0.9695912263210368,0.0,0.0,0.0,2,4,2,3,2,-1
0.3724844837314275,0.1154891304347826,0.4940773546695709,33,47,1,0.0,0.0,0.0,0.9089563399410948,0.0290171416360111,2,4,2,3,2,-1
0.3756817754372767,0.0326086956521739,0.5005519986152649,228,9,3,0.0069167497507477,0.9857926221335992,0.0,0.0,0.0,2,1,2,3,2,-1
0.3759638894113222,0.0163043478260869,0.5011938214302063,6,51,3,0.9857926221335992,0.0069167497507477,0.0,0.0,0.0,2,4,2,3,2,-1
0.3768102313334587,0.0482336956521739,0.5031770467758179,299,9,3,0.0069167497507477,0.9695912263210368,0.0,0.0,0.0,2,1,2,3,2,-1
0.3770923453075042,0.0482336956521739,0.5037802755832672,299,9,3,0.0069167497507477,0.9695912263210368,0.0,0.0,0.0,2,1,2,3,2,-1
0.3771863832988527,0.0482336956521739,0.5037802755832672,299,9,3,0.0069167497507477,0.9695912263210368,0.0,0.0,0.0,2,1,2,3,2,-1
0.3777506112469438,0.0163043478260869,0.504527747631073,6,60,3,0.9695912263210368,0.0069167497507477,0.0,0.0,0.0,2,4,2,3,2,-1
0.3797254090652623,0.0482336956521739,0.5093791484832764,299,9,3,0.0069167497507477,0.9695912263210368,0.0,0.0,0.0,2,1,2,3,2,-1
0.3801955990220049,0.0414402173913043,0.5106053352355957,6,60,3,0.9695912263210368,0.0069167497507477,0.0,0.0,0.0,2,1,2,3,2,-1
0.3804777129960504,0.0353260869565217,0.5109585821628571,10,10,0,0.1312001495513459,0.1196566550348953,0.0,0.0,0.0,2,4,2,3,2,-1
0.3836750047018996,0.0163043478260869,0.5167575478553772,299,9,3,0.0069167497507477,0.9695912263210368,0.0,0.0,0.0,2,4,2,3,2,-1
0.3852736505548241,0.0163043478260869,0.5211151540279388,6,56,3,1.0,0.0069167497507477,0.0,0.0,0.0,2,4,2,3,2,-1
0.3859319164942637,0.076766304347826,0.5229134559631348,88,43,1,0.0,0.0,0.0,0.9473515542736805,0.1858867705646207,2,4,2,3,2,-1
0.3874365243558398,0.0163043478260869,0.5292933881282806,277,9,3,0.0069167497507477,1.0,0.0,0.0,0.0,2,4,2,3,2,-1
0.3876246003385368,0.0081521739130434,0.5293184518814087,6,56,3,1.0,0.0069167497507477,0.0,0.0,0.0,2,4,2,3,2,-1
0.3880007523039308,0.8369565217391304,0.5294839143753052,6,56,3,1.0,0.0069167497507477,0.0,0.0,0.0,2,4,2,3,2,-1
0.3880947902952793,0.4232336956521739,0.5294839143753052,6,56,3,1.0,0.0069167497507477,0.0,0.0,0.0,0,0,0,3,2,-1
0.3983449313522663,0.8369565217391304,0.538521021604538,277,9,3,0.0069167497507477,1.0,0.0,0.0,0.0,2,3,1,3,2,-1
0.3984389693436148,0.0910326086956521,0.538521021604538,277,9,3,0.0069167497507477,1.0,0.0,0.0,0.0,2,2,2,3,2,-1
0.3992853112657514,0.1154891304347826,0.538521021604538,27,47,1,0.0,0.0,0.0,0.9110012360939432,0.0290171416360111,2,4,2,3,2,-1
0.3993793492570999,0.0081521739130434,0.5397781729698181,6,56,3,1.0,0.0069167497507477,0.0,0.0,0.0,2,4,2,3,2,-1
0.3994733872484484,0.0285326086956521,0.5400395691394806,6,56,3,1.0,0.0069167497507477,0.0,0.0,0.0,2,2,2,3,2,-1
0.3995674252397969,0.0081521739130434,0.5400671064853668,6,56,3,1.0,0.0069167497507477,0.0,0.0,0.0,2,4,2,3,2,-1
0.4011660710927215,0.076766304347826,0.5431379079818726,44,43,1,0.0,0.0,0.0,0.8459918509362268,0.1858867705646207,2,4,2,3,2,-1
0.40314086891104,0.0122282608695652,0.547004222869873,277,9,3,0.0069167497507477,1.0,0.0,0.0,0.0,2,4,2,3,2,-1
0.4032349069023886,0.0122282608695652,0.547004222869873,277,9,3,0.0069167497507477,1.0,0.0,0.0,0.0,2,4,2,3,2,-1
0.4159300357344367,0.1786684782608695,0.5695307552814484,126,24,1,0.0,0.0,0.0,0.8380411726106,0.8382458443362385,2,4,2,3,2,-1
0.4187511754748919,0.0434782608695652,0.5707423686981201,299,9,3,0.0069167497507477,0.9695912263210368,0.0,0.0,0.0,2,1,2,3,2,-1
0.4201617453451194,0.1182065217391304,0.5804326832294464,264,47,1,0.0,0.0,0.0,0.978055517404508,0.0290171416360111,2,4,2,3,2,-1
0.4203498213278164,0.0122282608695652,0.5816061198711395,277,9,3,0.0069167497507477,1.0,0.0,0.0,0.0,2,4,2,3,2,-1
0.4204438593191649,0.0081521739130434,0.5816112160682678,6,56,3,1.0,0.0069167497507477,0.0,0.0,0.0,2,4,2,3,2,-1
0.4228888470942261,0.0163043478260869,0.5923726558685303,6,60,3,0.9695912263210368,0.0069167497507477,0.0,0.0,0.0,2,4,2,3,2,-1
0.4373706977618958,0.0197010869565217,0.6151146292686462,255,9,1,0.0,0.0,0.0,0.0067756260586915,0.97540946071772,2,4,2,3,2,-1
0.4536392702651872,0.029891304347826,0.630079835653305,118,24,1,0.0,0.0,0.0,0.8793358665628959,0.879550623540366,2,4,2,3,2,-1
0.4537333082565357,0.0163043478260869,0.6302661895751953,257,4,3,0.8015796360917248,0.1196566550348953,0.0,0.0,0.0,2,4,2,3,2,-1
0.4538273462478842,0.0353260869565217,0.6302759051322937,8,6,0,0.8015796360917248,0.1196566550348953,0.0,0.0,0.0,2,4,2,3,2,-1
0.4665224750799323,0.5278532608695652,0.6409857273101807,255,9,1,0.0,0.0,0.0,0.0067756260586915,0.97540946071772,2,4,2,3,2,-1
0.4946398344931352,0.093070652173913,0.6818735897541046,292,47,1,0.0,0.0,0.0,0.9406980115673976,0.0290171416360111,2,4,2,3,2,-1
0.5,0.1786684782608695,0.6936947703361511,126,24,1,0.0,0.0,0.0,0.8380411726106,0.8382458443362385,2,4,2,3,2,-1
0.5022569117923641,0.1936141304347826,0.6994731426239014,6,60,3,0.9695912263210368,0.0069167497507477,0.0,0.0,0.0,2,1,2,3,2,-1
0.5023509497837126,0.2370923913043478,0.6994793117046356,6,60,3,0.9695912263210368,0.0069167497507477,0.0,0.0,0.0,2,1,2,3,2,-1
0.5024449877750611,0.2370923913043478,0.6994812786579132,6,60,3,0.9695912263210368,0.0069167497507477,0.0,0.0,0.0,2,1,2,3,2,-1
0.5025390257664096,0.2370923913043478,0.6994836628437042,6,60,3,0.9695912263210368,0.0069167497507477,0.0,0.0,0.0,2,1,2,3,2,-1
0.5044197855933797,0.0163043478260869,0.705355703830719,299,9,3,0.0069167497507477,0.9695912263210368,0.0,0.0,0.0,2,4,2,3,2,-1
0.5045138235847282,0.0163043478260869,0.705355703830719,299,9,3,0.0069167497507477,0.9695912263210368,0.0,0.0,0.0,2,4,2,3,2,-1
0.5046078615760767,0.0163043478260869,0.705355703830719,299,9,3,0.0069167497507477,0.9695912263210368,0.0,0.0,0.0,2,4,2,3,2,-1
0.5047018995674252,0.0163043478260869,0.705355703830719,299,9,3,0.0069167497507477,0.9695912263210368,0.0,0.0,0.0,2,4,2,3,2,-1
0.5047959375587737,0.0400815217391304,0.705355703830719,299,9,3,0.0069167497507477,0.9695912263210368,0.0,0.0,0.0,2,1,2,3,2,-1
0.5049840135414707,0.2370923913043478,0.7060078978538513,6,60,3,0.9695912263210368,0.0069167497507477,0.0,0.0,0.0,2,1,2,3,2,-1
0.5050780515328193,0.0163043478260869,0.7060156762599945,6,60,3,0.9695912263210368,0.0069167497507477,0.0,0.0,0.0,2,4,2,3,2,-1
0.5068647733684408,0.1182065217391304,0.7128855586051941,264,47,1,0.0,0.0,0.0,0.978055517404508,0.0290171416360111,2,4,2,3,2,-1
0.5076170772992289,0.0163043478260869,0.7162807583808899,183,28,3,0.9787668245264206,0.1196566550348953,0.0,0.0,0.0,2,4,2,3,2,-1
0.5078991912732744,0.0353260869565217,0.716297447681427,16,26,0,0.9787668245264206,0.1196566550348953,0.0,0.0,0.0,2,4,2,3,2,-1
0.5082753432386684,0.0122282608695652,0.7171549797058105,180,9,3,0.1196566550348953,0.8507446410767696,0.0,0.0,0.0,2,4,2,3,2,-1
0.5084634192213654,0.0163043478260869,0.7174994349479675,299,9,3,0.0069167497507477,0.9695912263210368,0.0,0.0,0.0,2,4,2,3,2,-1
0.510626293022381,0.0081521739130434,0.7239902317523956,6,25,3,0.8507446410767696,0.1196566550348953,0.0,0.0,0.0,2,4,2,3,2,-1
0.511002444987775,0.0658967391304347,0.7244828641414642,299,9,3,0.0069167497507477,0.9695912263210368,0.0,0.0,0.0,2,1,2,3,2,-1
0.5110964829791236,0.0733695652173913,0.7244828641414642,299,9,3,0.0069167497507477,0.9695912263210368,0.0,0.0,0.0,2,1,2,3,2,-1
0.5116607109272145,0.0163043478260869,0.7253543436527252,6,60,3,0.9695912263210368,0.0069167497507477,0.0,0.0,0.0,2,4,2,3,2,-1
0.5117547489185631,0.0163043478260869,0.725360780954361,6,60,3,0.9695912263210368,0.0069167497507477,0.0,0.0,0.0,2,4,2,3,2,-1
0.5131653187887907,0.0495923913043478,0.7302672863006592,299,9,3,0.0069167497507477,0.9695912263210368,0.0,0.0,0.0,2,1,2,3,2,-1
0.5133533947714877,0.0407608695652173,0.730464518070221,1,9,1,0.0,0.0,0.0,0.0008240626287597,0.9997710378092896,2,4,2,3,2,-1
0.5135414707541847,0.8491847826086956,0.7308618724346161,6,55,1,0.0,0.0,0.0,0.8280608585511758,0.0067772808450231,2,4,2,0,0,-1
0.5136355087455332,0.8491847826086956,0.7308714389801025,6,55,1,0.0,0.0,0.0,0.8280608585511758,0.0067772808450231,1,4,0,0,0,-1
0.5137295467368816,0.0163043478260869,0.7309388816356659,6,60,3,0.9695912263210368,0.0069167497507477,0.0,0.0,0.0,2,4,2,3,2,-1
0.5231333458717321,0.0271739130434782,0.7387106120586395,232,9,1,0.0,0.0,0.0,0.0067756260586915,0.8282630928212721,2,4,2,0,0,-1
0.5241677637765657,0.8491847826086956,0.7406894862651825,6,55,1,0.0,0.0,0.0,0.8280608585511758,0.0067772808450231,2,4,2,0,0,-1
0.5242618017679143,0.8491847826086956,0.7407041490077972,6,55,1,0.0,0.0,0.0,0.8280608585511758,0.0067772808450231,2,4,2,0,0,-1
0.5255783336467933,0.0163043478260869,0.7449683248996735,6,55,3,0.8878988035892322,0.0069167497507477,0.0,0.0,0.0,2,4,2,3,2,-1
0.5279292834305059,0.8491847826086956,0.7495995461940765,6,55,1,0.0,0.0,0.0,0.8280608585511758,0.0067772808450231,2,4,2,1,1,-1
0.5280233214218544,0.1059782608695652,0.7496103048324585,6,55,1,0.0,0.0,0.0,0.8280608585511758,0.0067772808450231,2,4,2,2,0,-1
0.529245815309385,0.0163043478260869,0.7532449960708618,232,9,3,0.0069167497507477,0.8878988035892322,0.0,0.0,0.0,2,4,2,3,2,-1
0.529433891292082,0.0081521739130434,0.7533880174160004,6,55,3,0.8878988035892322,0.0069167497507477,0.0,0.0,0.0,2,4,2,3,2,-1
0.5295279292834305,0.967391304347826,0.7534988820552826,6,55,3,0.8878988035892322,0.0069167497507477,0.0,0.0,0.0,2,4,2,3,2,-1
0.529621967274779,0.2826086956521739,0.7534988820552826,6,55,3,0.8878988035892322,0.0069167497507477,0.0,0.0,0.0,1,0,0,3,2,-1
0.5336656009027647,0.0163043478260869,0.758948028087616,6,52,3,0.9499626121635094,0.0069167497507477,0.0,0.0,0.0,2,4,2,3,2,-1
0.5347940567989468,0.967391304347826,0.762238621711731,232,9,3,0.0069167497507477,0.8878988035892322,0.0,0.0,0.0,2,2,1,3,2,-1
0.5348880947902953,0.967391304347826,0.762238621711731,232,9,3,0.0069167497507477,0.8878988035892322,0.0,0.0,0.0,2,4,2,3,2,-1
0.5349821327816437,0.8600543478260869,0.762238621711731,232,9,3,0.0069167497507477,0.8878988035892322,0.0,0.0,0.0,2,4,2,3,2,-1
0.5352642467556893,0.0163043478260869,0.7622596323490143,6,55,3,0.8878988035892322,0.0069167497507477,0.0,0.0,0.0,2,4,2,3,2,-1
0.5473011096482979,0.1677989130434782,0.7682243585586548,90,46,1,0.0,0.0,0.0,0.8986250362434953,0.7894311052768153,2,4,2,3,2,-1
0.557927402670679,0.967391304347826,0.77261883020401,232,9,3,0.0069167497507477,0.8878988035892322,0.0,0.0,0.0,2,1,2,3,2,-1
0.558115478653376,0.0081521739130434,0.7726364135742188,6,55,3,0.8878988035892322,0.0069167497507477,0.0,0.0,0.0,2,4,2,3,2,-1
0.558303554636073,0.0584239130434782,0.7731438875198364,6,55,3,0.8878988035892322,0.0069167497507477,0.0,0.0,0.0,2,2,2,3,2,-1
0.558867782584164,0.0353260869565217,0.7735489308834076,10,10,0,0.1312001495513459,0.1196566550348953,0.0,0.0,0.0,2,4,2,3,2,-1
0.559432010532255,0.8491847826086956,0.7744251489639282,6,54,1,0.0,0.0,0.0,0.9498847838361644,0.0067772808450231,2,4,2,3,2,-1
0.5602783524543915,0.6345108695652173,0.775362104177475,6,31,1,0.0,0.0,0.0,0.9496711379694488,0.0067772808450231,2,4,2,3,2,-1
0.5638517961256347,0.0163043478260869,0.7809360027313232,229,9,3,0.0069167497507477,0.9499626121635094,0.0,0.0,0.0,2,4,2,3,2,-1
0.5639458341169833,0.0081521739130434,0.7810679078102112,6,52,3,0.9499626121635094,0.0069167497507477,0.0,0.0,0.0,2,4,2,3,2,-1
0.5640398721083317,0.9864130434782608,0.7811950743198395,6,52,3,0.9499626121635094,0.0069167497507477,0.0,0.0,0.0,2,4,2,3,2,-1
0.5641339100996803,0.2778532608695652,0.7811950743198395,6,52,3,0.9499626121635094,0.0069167497507477,0.0,0.0,0.0,3,0,0,3,2,-1
0.5646041000564228,0.6535326086956521,0.7814770638942719,232,9,3,0.0069167497507477,0.8878988035892322,0.0,0.0,0.0,2,2,2,3,2,-1
0.5670490878314839,0.8491847826086956,0.7848612368106842,6,54,1,0.0,0.0,0.0,0.9498847838361644,0.0067772808450231,2,4,2,3,2,-1
0.5671431258228324,0.8491847826086956,0.784867912530899,6,54,1,0.0,0.0,0.0,0.9498847838361644,0.0067772808450231,2,4,2,3,2,-1
0.5672371638141809,0.3519021739130434,0.7849503457546234,6,54,1,0.0,0.0,0.0,0.9498847838361644,0.0067772808450231,2,4,2,3,2,-1
0.5725032913296971,0.3879076086956521,0.7863183617591858,6,54,1,0.0,0.0,0.0,0.9498847838361644,0.0067772808450231,2,4,2,3,2,-1
0.5726913673123942,0.0081521739130434,0.7871160805225372,6,55,3,0.8878988035892322,0.0069167497507477,0.0,0.0,0.0,2,4,2,3,2,-1
0.5727854053037427,0.8491847826086956,0.7878113389015198,6,54,1,0.0,0.0,0.0,0.9498847838361644,0.0067772808450231,2,4,2,3,2,-1
0.5728794432950912,0.8491847826086956,0.7878150045871735,6,54,1,0.0,0.0,0.0,0.9498847838361644,0.0067772808450231,2,4,2,3,2,-1
0.5729734812864397,0.5509510869565217,0.7879144549369812,6,54,1,0.0,0.0,0.0,0.9498847838361644,0.0067772808450231,2,4,2,3,2,-1
0.5730675192777882,0.967391304347826,0.78803950548172,6,49,3,0.9702610917248254,0.0069167497507477,0.0,0.0,0.0,2,4,2,3,2,-1
0.5731615572691368,0.967391304347826,0.7880430817604065,6,49,3,0.9702610917248254,0.0069167497507477,0.0,0.0,0.0,2,4,2,3,2,-1
0.5732555952604852,0.967391304347826,0.7880442440509796,6,49,3,0.9702610917248254,0.0069167497507477,0.0,0.0,0.0,2,4,2,3,2,-1
0.5733496332518337,0.5536684782608695,0.7880451679229736,6,49,3,0.9702610917248254,0.0069167497507477,0.0,0.0,0.0,2,1,2,3,2,-1
0.5734436712431822,0.4415760869565217,0.7880468666553497,6,50,3,0.9978969341974075,0.0069167497507477,0.0,0.0,0.0,2,1,2,3,2,-1
0.5741959751739703,0.076766304347826,0.7893920540809631,88,43,1,0.0,0.0,0.0,0.9473515542736805,0.1858867705646207,2,4,2,3,2,-1
0.5745721271393642,0.0163043478260869,0.7893920540809631,265,29,3,0.8500903539381853,0.1196566550348953,0.0,0.0,0.0,2,4,2,3,2,-1
0.5798382546548806,0.8491847826086956,0.790917307138443,6,54,1,0.0,0.0,0.0,0.9498847838361644,0.0067772808450231,2,4,2,3,2,-1
0.579932292646229,0.0353260869565217,0.7914013862609863,9,7,0,0.8500903539381853,0.1196566550348953,0.0,0.0,0.0,2,4,2,3,2,-1
0.5817190144818506,0.8491847826086956,0.7925343811511993,6,54,1,0.0,0.0,0.0,0.9498847838361644,0.0067772808450231,2,4,2,3,2,-1
0.5824713184126387,0.3627717391304347,0.7939953207969666,6,54,1,0.0,0.0,0.0,0.9498847838361644,0.0067772808450231,2,4,2,3,2,-1
0.5830355463607297,0.8457880434782608,0.7946494817733765,6,36,1,0.0,0.0,0.0,0.9509530131697416,0.0067772808450231,2,4,2,3,2,-1
0.5831295843520782,0.8491847826086956,0.7946548759937286,6,36,1,0.0,0.0,0.0,0.9509530131697416,0.0067772808450231,2,4,2,3,2,-1
0.5840699642655632,0.6379076086956521,0.7958694696426392,6,23,1,0.0,0.0,0.0,0.9511819194555085,0.0067772808450231,2,4,2,3,2,-1
0.5853864961444424,0.0163043478260869,0.7971769869327545,227,9,3,0.0069167497507477,0.9978969341974075,0.0,0.0,0.0,2,4,2,3,2,-1
0.5858566861011849,0.0163043478260869,0.7989259958267212,226,9,3,0.0069167497507477,0.9702610917248254,0.0,0.0,0.0,2,4,2,3,2,-1
0.5957306751927779,0.0754076086956521,0.8040314316749573,229,9,3,0.0069167497507477,0.9499626121635094,0.0,0.0,0.0,2,2,1,3,2,-1
0.5967650930976114,0.4721467391304347,0.8043803572654724,6,52,3,0.9499626121635094,0.0069167497507477,0.0,0.0,0.0,3,2,0,3,2,-1
0.6167951852548429,0.061820652173913,0.8119590282440186,227,9,3,0.0069167497507477,0.9978969341974075,0.0,0.0,0.0,2,1,2,3,2,-1
0.6168892232461914,0.2669836956521739,0.8119590282440186,227,9,3,0.0069167497507477,0.9978969341974075,0.0,0.0,0.0,2,1,2,3,2,-1
0.61698326123754,0.0427989130434782,0.8119590282440186,227,9,3,0.0069167497507477,0.9978969341974075,0.0,0.0,0.0,2,1,2,3,2,-1
0.6196163249952981,0.8464673913043478,0.8129122257232666,6,35,1,0.0,0.0,0.0,0.951151398617406,0.0067772808450231,2,4,2,3,2,-1
0.6197103629866466,0.8355978260869564,0.8129510879516602,6,35,1,0.0,0.0,0.0,0.951151398617406,0.0067772808450231,2,4,2,3,2,-1
0.6207447808914801,0.8457880434782608,0.8133086562156677,6,37,1,0.0,0.0,0.0,0.9754459857467688,0.0067772808450231,2,4,2,3,2,-1
0.6208388188828287,0.8491847826086956,0.8133661448955536,6,37,1,0.0,0.0,0.0,0.9754459857467688,0.0067772808450231,2,4,2,3,2,-1
0.6251645664848599,0.0163043478260869,0.8144555687904358,6,50,3,0.9978969341974075,0.0069167497507477,0.0,0.0,0.0,2,4,2,3,2,-1
0.6252586044762084,0.0427989130434782,0.8144574165344238,6,50,3,0.9978969341974075,0.0069167497507477,0.0,0.0,0.0,2,1,2,3,2,-1
0.628361858190709,0.8457880434782608,0.815835028886795,6,36,1,0.0,0.0,0.0,0.9509530131697416,0.0067772808450231,2,4,2,3,2,-1
0.6288320481474515,0.8491847826086956,0.8158850371837616,6,36,1,0.0,0.0,0.0,0.9509530131697416,0.0067772808450231,2,4,2,3,2,-1
0.6289260861388001,0.8491847826086956,0.815950870513916,6,36,1,0.0,0.0,0.0,0.9509530131697416,0.0067772808450231,2,4,2,3,2,-1
0.6290201241301485,0.8491847826086956,0.8160040378570557,6,36,1,0.0,0.0,0.0,0.9509530131697416,0.0067772808450231,2,4,2,3,2,-1
0.6291141621214971,0.8491847826086956,0.8160429000854492,6,36,1,0.0,0.0,0.0,0.9509530131697416,0.0067772808450231,2,4,2,3,2,-1
0.6301485800263306,0.8491847826086956,0.8160990476608276,6,36,1,0.0,0.0,0.0,0.9509530131697416,0.0067772808450231,2,4,2,3,2,-1
0.6409629490314087,0.0720108695652173,0.8203574419021606,226,9,3,0.0069167497507477,0.9702610917248254,0.0,0.0,0.0,2,1,2,3,2,-1
0.6410569870227572,0.967391304347826,0.820509523153305,226,9,3,0.0069167497507477,0.9702610917248254,0.0,0.0,0.0,2,1,2,3,2,-1
0.6422794809102877,0.0122282608695652,0.8206208050251007,229,9,3,0.0069167497507477,0.9499626121635094,0.0,0.0,0.0,2,4,2,3,2,-1
0.6423735189016362,0.967391304347826,0.8207691013813019,226,9,3,0.0069167497507477,0.9702610917248254,0.0,0.0,0.0,2,1,2,3,2,-1
0.6437840887718638,0.967391304347826,0.8210974335670471,226,9,3,0.0069167497507477,0.9702610917248254,0.0,0.0,0.0,2,1,2,3,2,-1
0.6438781267632123,0.6290760869565217,0.8210974335670471,226,9,3,0.0069167497507477,0.9702610917248254,0.0,0.0,0.0,2,2,2,3,2,-1
0.646041000564228,0.0427989130434782,0.8217554986476898,226,9,3,0.0069167497507477,0.9702610917248254,0.0,0.0,0.0,2,1,2,3,2,-1
0.6505548241489562,0.0163043478260869,0.8233227431774139,227,9,3,0.0069167497507477,0.9978969341974075,0.0,0.0,0.0,2,4,2,3,2,-1
0.6526236599586233,0.0163043478260869,0.8238641917705536,6,49,3,0.9702610917248254,0.0069167497507477,0.0,0.0,0.0,2,4,2,3,2,-1
0.6527176979499718,0.0163043478260869,0.8238670825958252,6,49,3,0.9702610917248254,0.0069167497507477,0.0,0.0,0.0,2,4,2,3,2,-1
0.6528117359413202,0.0163043478260869,0.8238689303398132,6,49,3,0.9702610917248254,0.0069167497507477,0.0,0.0,0.0,2,4,2,3,2,-1
0.6540342298288508,0.0427989130434782,0.824447751045227,6,49,3,0.9702610917248254,0.0069167497507477,0.0,0.0,0.0,2,1,2,3,2,-1
0.658359977430882,0.1786684782608695,0.8262234926223755,126,24,1,0.0,0.0,0.0,0.8380411726106,0.8382458443362385,2,4,2,3,2,-1
0.6622155350761707,1.0,0.8272898197174072,229,9,3,0.0069167497507477,0.9499626121635094,0.0,0.0,0.0,2,1,1,3,2,-1
0.6623095730675193,1.0,0.8272898197174072,229,9,3,0.0069167497507477,0.9499626121635094,0.0,0.0,0.0,2,4,2,3,2,-1
0.6624036110588678,1.0,0.8272898197174072,229,9,3,0.0069167497507477,0.9499626121635094,0.0,0.0,0.0,2,4,2,3,2,-1
0.6624976490502162,1.0,0.8272898197174072,229,9,3,0.0069167497507477,0.9499626121635094,0.0,0.0,0.0,2,4,2,3,2,-1
0.6625916870415648,0.3668478260869565,0.8272898197174072,229,9,3,0.0069167497507477,0.9499626121635094,0.0,0.0,0.0,2,1,2,3,2,-1
0.6626857250329132,0.0081521739130434,0.8273117244243622,6,52,3,0.9499626121635094,0.0069167497507477,0.0,0.0,0.0,2,4,2,3,2,-1
0.6642843708858378,0.0584239130434782,0.8282244205474854,6,52,3,0.9499626121635094,0.0069167497507477,0.0,0.0,0.0,2,1,2,3,2,-1
0.6643784088771864,0.0706521739130434,0.8282695710659027,6,52,3,0.9499626121635094,0.0069167497507477,0.0,0.0,0.0,2,1,2,3,2,-1
0.6652247507993229,0.4184782608695652,0.828335702419281,6,52,3,0.9499626121635094,0.0069167497507477,0.0,0.0,0.0,2,1,2,3,2,-1
0.6653187887906714,0.9864130434782608,0.8283629715442657,6,52,3,0.9499626121635094,0.0069167497507477,0.0,0.0,0.0,2,4,2,3,2,-1
0.66541282678202,0.9864130434782608,0.8283629715442657,6,52,3,0.9499626121635094,0.0069167497507477,0.0,0.0,0.0,2,4,2,3,2,-1
0.6655068647733684,0.6963315217391304,0.8283629715442657,6,52,3,0.9499626121635094,0.0069167497507477,0.0,0.0,0.0,2,1,2,3,2,-1
0.6743464359601279,0.0869565217391304,0.8311877548694611,135,24,1,0.0,0.0,0.0,0.9398281676814846,0.7785935615831971,2,4,2,3,2,-1
0.6860071468873424,0.0163043478260869,0.834357738494873,226,9,3,0.0069167497507477,0.9702610917248254,0.0,0.0,0.0,2,4,2,3,2,-1
0.745721271393643,0.0122282608695652,0.8484150171279907,229,9,3,0.0069167497507477,0.9499626121635094,0.0,0.0,0.0,2,4,2,3,2,-1
0.7459093473763401,0.0122282608695652,0.8484857082366943,229,9,3,0.0069167497507477,0.9499626121635094,0.0,0.0,0.0,2,4,2,3,2,-1
0.7467556892984766,0.078125,0.8488826751708984,229,9,3,0.0069167497507477,0.9499626121635094,0.0,0.0,0.0,2,1,2,3,2,-1
0.7495768290389317,0.0502717391304347,0.8504481911659241,229,9,3,0.0069167497507477,0.9499626121635094,0.0,0.0,0.0,2,1,2,3,2,-1
0.7496708670302802,0.0081521739130434,0.8504543602466583,6,52,3,0.9499626121635094,0.0069167497507477,0.0,0.0,0.0,2,4,2,3,2,-1
0.7497649050216287,0.0292119565217391,0.850509375333786,6,52,3,0.9499626121635094,0.0069167497507477,0.0,0.0,0.0,2,1,2,3,2,-1
0.7501410569870227,0.8491847826086956,0.8510817587375641,6,54,1,0.0,0.0,0.0,0.9498847838361644,0.0067772808450231,2,4,2,3,2,-1
0.7512695128832048,0.8491847826086956,0.8522992730140686,6,54,1,0.0,0.0,0.0,0.9498847838361644,0.0067772808450231,2,4,2,3,2,-1
0.7513635508745533,0.8491847826086956,0.8523924350738525,6,54,1,0.0,0.0,0.0,0.9498847838361644,0.0067772808450231,2,4,2,3,2,-1
0.7514575888659019,0.34375,0.8523961305618286,6,54,1,0.0,0.0,0.0,0.9498847838361644,0.0067772808450231,2,4,2,3,2,-1
0.7525860447620839,0.8491847826086956,0.8533614277839661,6,54,1,0.0,0.0,0.0,0.9498847838361644,0.0067772808450231,2,4,2,3,2,-1
0.7526800827534323,0.8491847826086956,0.8534480333328247,6,54,1,0.0,0.0,0.0,0.9498847838361644,0.0067772808450231,2,4,2,3,2,-1
0.7529621967274779,0.8491847826086956,0.8534864783287048,6,54,1,0.0,0.0,0.0,0.9498847838361644,0.0067772808450231,2,4,2,3,2,-1
0.7530562347188264,0.8226902173913043,0.8536439538002014,6,54,1,0.0,0.0,0.0,0.9498847838361644,0.0067772808450231,2,4,2,3,2,-1
0.7553131465111905,0.3879076086956521,0.858464926481247,6,54,1,0.0,0.0,0.0,0.9498847838361644,0.0067772808450231,2,4,2,3,2,-1
0.756347564416024,0.8491847826086956,0.859893798828125,6,54,1,0.0,0.0,0.0,0.9498847838361644,0.0067772808450231,2,4,2,3,2,-1
0.7568177543727665,0.8491847826086956,0.8607877194881439,6,54,1,0.0,0.0,0.0,0.9498847838361644,0.0067772808450231,2,4,2,3,2,-1
0.7676321233778446,0.8491847826086956,0.8693499267101288,6,54,1,0.0,0.0,0.0,0.9498847838361644,0.0067772808450231,2,4,2,3,2,-1
0.7677261613691931,0.8491847826086956,0.8702561557292938,6,54,1,0.0,0.0,0.0,0.9498847838361644,0.0067772808450231,2,4,2,3,2,-1
0.7713936430317848,0.3648097826086957,0.8717142045497894,6,54,1,0.0,0.0,0.0,0.9498847838361644,0.0067772808450231,2,4,2,3,2,-1
0.7805153281925898,0.0163043478260869,0.8767774105072021,92,22,3,0.902869516450648,0.1196566550348953,0.0,0.0,0.0,2,4,2,3,2,-1
0.7808914801579838,0.8491847826086956,0.8786049783229828,6,54,1,0.0,0.0,0.0,0.9498847838361644,0.0067772808450231,2,4,2,3,2,-1
0.7809855181493324,0.8491847826086956,0.8786057829856873,6,54,1,0.0,0.0,0.0,0.9498847838361644,0.0067772808450231,2,4,2,3,2,-1
0.7810795561406808,0.8491847826086956,0.8788238763809204,6,54,1,0.0,0.0,0.0,0.9498847838361644,0.0067772808450231,2,4,2,3,2,-1
0.7811735941320294,0.0353260869565217,0.8790472149848938,11,13,0,0.902869516450648,0.1196566550348953,0.0,0.0,0.0,2,4,2,3,2,-1
0.7830543539589995,0.8491847826086956,0.879827082157135,6,54,1,0.0,0.0,0.0,0.9498847838361644,0.0067772808450231,2,4,2,3,2,-1
0.7833364679330449,0.0122282608695652,0.8800272047519684,104,9,3,0.9079947657028912,0.1196566550348953,0.0,0.0,0.0,2,4,2,3,2,-1
0.7847470378032725,0.8491847826086956,0.8809417188167572,6,54,1,0.0,0.0,0.0,0.9498847838361644,0.0067772808450231,2,4,2,3,2,-1
0.785029151777318,0.8491847826086956,0.8820733726024628,6,54,1,0.0,0.0,0.0,0.9498847838361644,0.0067772808450231,2,4,2,3,2,-1
0.7853112657513636,0.8491847826086956,0.8830209672451019,6,54,1,0.0,0.0,0.0,0.9498847838361644,0.0067772808450231,2,4,2,3,2,-1
0.7858754936994545,0.3322010869565217,0.8840180337429047,6,54,1,0.0,0.0,0.0,0.9498847838361644,0.0067772808450231,2,4,2,3,2,-1
0.7883204814745157,0.0122282608695652,0.8872187435626984,229,9,3,0.0069167497507477,0.9499626121635094,0.0,0.0,0.0,2,4,2,3,2,-1
0.7885085574572127,0.0081521739130434,0.8872335851192474,6,16,3,0.1196566550348953,0.9079947657028912,0.0,0.0,0.0,2,4,2,3,2,-1
0.802896370133534,0.7038043478260869,0.8997482657432556,90,46,1,0.0,0.0,0.0,0.7741763188817166,0.7894921618610047,2,4,2,3,2,-1
0.8050592439345495,0.0169836956521739,0.90301513671875,231,9,1,0.0,0.0,0.0,0.0067756260586915,0.9501167707172622,2,4,2,3,2,-1
0.8165318788790671,0.8457880434782608,0.912935107946396,6,36,1,0.0,0.0,0.0,0.9509530131697416,0.0067772808450231,2,4,2,3,2,-1
0.8166259168704156,0.8491847826086956,0.912939727306366,6,36,1,0.0,0.0,0.0,0.9509530131697416,0.0067772808450231,2,4,2,3,2,-1
0.8171901448185067,0.0292119565217391,0.914402723312378,229,9,3,0.0069167497507477,0.9499626121635094,0.0,0.0,0.0,2,4,2,3,2,-1
0.8194470566108708,0.0169836956521739,0.9185137748718262,231,9,1,0.0,0.0,0.0,0.0067756260586915,0.9501167707172622,2,4,2,3,2,-1
0.8246191461350385,0.0081521739130434,0.9214189648628236,6,52,3,0.9499626121635094,0.0069167497507477,0.0,0.0,0.0,2,4,2,3,2,-1
0.8960880195599021,0.0543478260869565,0.9503629505634308,2,9,1,0.0,0.0,0.0,0.0067756260586915,0.974356234640453,2,4,2,3,2,-1
0.9032349069023884,0.1786684782608695,0.95504429936409,126,24,1,0.0,0.0,0.0,0.8380411726106,0.8382458443362385,2,4,2,3,2,-1
0.9111340981756628,0.2092391304347826,0.957321435213089,229,9,3,0.0069167497507477,0.9499626121635094,0.0,0.0,0.0,2,1,2,3,2,-1
0.9265563287568176,0.0081521739130434,0.9628607332706453,6,52,3,0.9499626121635094,0.0069167497507477,0.0,0.0,0.0,2,4,2,3,2,-1
0.9437652811735942,0.5271739130434782,0.9717921912670135,6,33,1,0.0,0.0,0.0,0.951136138198355,0.0067772808450231,2,4,2,3,2,-1
0.9438593191649426,0.8457880434782608,0.9717966616153716,6,33,1,0.0,0.0,0.0,0.951136138198355,0.0067772808450231,2,4,2,3,2,-1
0.9439533571562913,0.8491847826086956,0.9717978239059448,6,33,1,0.0,0.0,0.0,0.951136138198355,0.0067772808450231,2,4,2,3,2,-1
0.9465864209140492,0.0163043478260869,0.9730923771858216,189,20,3,0.947532402791625,0.1196566550348953,0.0,0.0,0.0,2,4,2,3,2,-1
0.9470566108707916,0.0353260869565217,0.9730990529060364,17,30,0,0.947532402791625,0.1196566550348953,0.0,0.0,0.0,2,4,2,3,2,-1
0.9650178672183564,0.076766304347826,0.9808844029903412,76,43,1,0.0,0.0,0.0,0.9329914999465886,0.1858867705646207,2,4,2,3,2,-1
0.9652059432010532,0.1182065217391304,0.9808844029903412,264,47,1,0.0,0.0,0.0,0.978055517404508,0.0290171416360111,2,4,2,3,2,-1
0.9757381982320856,0.1677989130434782,0.9827453196048735,101,46,1,0.0,0.0,0.0,0.7603045979642602,0.7894311052768153,2,4,2,3,2,-1
